id,old_name,new_name
G001,travel_G001_eiffel_tower.png,에펠탑_황금빛단풍_로맨틱.png
G002,travel_G002_oia_santorini.png,산토리니이아마을_파란돔노을_낭만.png
G003,travel_G003_machu_picchu.png,마추픽추_구름속유적_신비.png
G004,travel_G004_grand_canyon.png,그랜드캐니언_붉은협곡_웅장.png
G005,travel_G005_kirkjufell.png,키르큐펠_초록오로라_신비.png
G006,travel_G006_fushimi_inari_shrine.png,후시미이나리신사_붉은도리이_강렬.png
G007,travel_G007_gion_district.png,기온거리_비젖은돌길_고즈넉.png
G008,travel_G008_arashiyama_bamboo_grove.png,아라시야마대나무숲_초록대숲길_청량.png
G009,travel_G009_mount_fuji_and_lake_kawaguchiko.png,후지산과가와구치코_벚꽃반영_평온.png
G010,travel_G010_shibuya_scramble_crossing.png,시부야스크램블교차로_네온횡단보도_활기.png
G011,travel_G011_brooklyn_bridge.png,브루클린브리지_블루아워야경_시네마틱.png
G012,travel_G012_central_park.png,센트럴파크_단풍호수반영_아늑.png
G013,travel_G013_golden_gate_bridge.png,골든게이트브리지_안개위붉은다리_청량.png
G014,travel_G014_yosemite_valley.png,요세미티밸리_화강암절벽_웅장.png
G015,travel_G015_antelope_canyon.png,앤털로프캐니언_빛줄기협곡_신비.png
G016,travel_G016_monument_valley.png,모뉴먼트밸리_사막도로_자유.png
G017,travel_G017_niagara_falls.png,나이아가라폭포_무지개물보라_역동.png
G018,travel_G018_moraine_lake.png,모레인호수_청록호수설산_청량.png
G019,travel_G019_grand_prismatic_spring.png,그랜드프리즈매틱스프링_무지갯빛온천_초현실.png
G020,travel_G020_na_pali_coast.png,나팔리해안_초록절벽해안_장엄.png
G021,travel_G021_salar_de_uyuni.png,우유니소금사막_분홍빛반영_몽환.png
G022,travel_G022_iguazu_falls.png,이과수폭포_무지개폭포_역동.png
G023,travel_G023_christ_the_redeemer.png,코르코바두예수상_노을진전망_장엄.png
G024,travel_G024_torres_del_paine.png,토레스델파이네_설산호수반영_고독.png
G025,travel_G025_perito_moreno_glacier.png,페리토모레노빙하_푸른빙벽_차가움.png
G026,travel_G026_chichen_itza.png,치첸이트사_계단피라미드_엄숙.png
G027,travel_G027_old_havana.png,올드아바나_클래식카골목_레트로.png
G028,travel_G028_colosseum.png,콜로세움_석양아치_웅장.png
G029,travel_G029_trevi_fountain.png,트레비분수_바로크조각_우아.png
G030,travel_G030_grand_canal_venice.png,베네치아대운하_곤돌라운하_낭만.png
G031,travel_G031_manarola_cinque_terre.png,마나롤라_알록달록절벽마을_경쾌.png
G032,travel_G032_positano.png,포지타노_해변파라솔_여유.png
G033,travel_G033_florence_cathedral.png,피렌체두오모_붉은지붕도시_고전.png
G034,travel_G034_val_d_orcia.png,발도르차_사이프러스길_목가.png
G035,travel_G035_seceda_dolomites.png,세체다_초록능선봉우리_장엄.png
G036,travel_G036_sagrada_familia.png,사그라다파밀리아_황금빛첨탑_경이.png
G037,travel_G037_alhambra.png,알함브라궁전_석양요새_고풍.png
G038,travel_G038_plaza_de_espana_seville.png,스페인광장_아치회랑반영_화사.png
G039,travel_G039_alfama_lisbon.png,알파마지구_노란트램_정겨움.png
G040,travel_G040_ribeira_porto.png,히베이라_강변파스텔집_여유.png
G041,travel_G041_big_ben_and_westminster.png,빅벤과웨스트민스터_블루아워빛궤적_도회적.png
G042,travel_G042_stonehenge.png,스톤헨지_안개거석_신비.png
G043,travel_G043_old_man_of_storr.png,올드맨오브스토르_바위첨탑_고독.png
G044,travel_G044_bibury_cotswolds.png,바이버리_돌집개울_동화.png
G045,travel_G045_cliffs_of_moher.png,모허절벽_석양절벽_거친.png
G046,travel_G046_neuschwanstein_castle.png,노이슈반슈타인성_안개속성_동화.png
G047,travel_G047_hallstatt.png,할슈타트_눈덮인호숫가_고요.png
G048,travel_G048_matterhorn.png,마터호른_설산반영_청명.png
G049,travel_G049_lauterbrunnen_valley.png,라우터브루넨_초원폭포_평화.png
G050,travel_G050_charles_bridge.png,카를교_새벽돌다리_적막.png
G051,travel_G051_hungarian_parliament_building.png,헝가리국회의사당_황금조명야경_화려.png
G052,travel_G052_amsterdam_canals.png,암스테르담운하_자전거운하_아늑.png
G053,travel_G053_tulip_fields_lisse.png,리세튤립꽃밭_풍차튤립_화사.png
G054,travel_G054_montmartre.png,몽마르트르_카페골목_보헤미안.png
G055,travel_G055_mont_saint_michel.png,몽생미셸_보랏빛반영_몽환.png
G056,travel_G056_valensole_lavender_fields.png,발랑솔라벤더밭_라벤더나무_향긋.png
G057,travel_G057_promenade_des_anglais.png,니스영국인산책로_자갈해변_상쾌.png
G058,travel_G058_reine_lofoten.png,레이네_빨간오두막_고요.png
G059,travel_G059_trolltunga.png,트롤퉁가_절벽바위혀_아찔.png
G060,travel_G060_jokulsarlon_glacier_lagoon.png,요쿨살론빙하호수_검은모래빙하_초현실.png
G061,travel_G061_parthenon.png,파르테논신전_황금빛기둥_고전.png
G062,travel_G062_meteora.png,메테오라_바위위수도원_경건.png
G063,travel_G063_dubrovnik_old_town.png,두브로브니크구시가_성벽해안_따스함.png
G064,travel_G064_plitvice_lakes.png,플리트비체호수_에메랄드호수데크_청량.png
G065,travel_G065_cappadocia.png,카파도키아_열기구일출_몽환.png
G066,travel_G066_blue_mosque.png,블루모스크_첨탑과갈매기_이국적.png
G067,travel_G067_pamukkale.png,파묵칼레_하얀석회층_초현실.png
G068,travel_G068_petra.png,페트라_붉은암벽신전_신비.png
G069,travel_G069_pyramids_of_giza.png,기자피라미드_낙타행렬_장엄.png
G070,travel_G070_sahara_desert_merzouga.png,메르주가사하라사막_주황빛사구_열정.png
G071,travel_G071_chefchaouen.png,셰프샤우엔_파란계단_차분.png
G072,travel_G072_jemaa_el_fnaa.png,제마엘프나광장_노점연기_활기.png
G073,travel_G073_burj_khalifa.png,부르즈할리파_마천루야경_화려.png
G074,travel_G074_victoria_falls.png,빅토리아폭포_무지개협곡_역동.png
G075,travel_G075_serengeti_national_park.png,세렝게티국립공원_아카시아누떼_야생.png
G076,travel_G076_table_mountain.png,테이블마운틴_평정산해안_상쾌.png
G077,travel_G077_taj_mahal.png,타지마할_수로반영_우아.png
G078,travel_G078_varanasi_ghats.png,바라나시가트_촛불나룻배_영적.png
G079,travel_G079_maldives_lagoon.png,몰디브라군_수상방갈로_휴양.png
G080,travel_G080_angkor_wat.png,앙코르와트_연못반영_경건.png
G081,travel_G081_ha_long_bay.png,하롱베이_석회암섬정크선_몽환.png
G082,travel_G082_hoi_an_ancient_town.png,호이안구시가_등불강변_따스함.png
G083,travel_G083_tegallalang_rice_terraces.png,뜨갈랄랑계단식논_야자수계단논_싱그러움.png
G084,travel_G084_lempuyang_temple.png,렘푸양사원_천국의문화산_경건.png
G085,travel_G085_gardens_by_the_bay.png,가든스바이더베이_슈퍼트리야경_미래적.png
G086,travel_G086_wat_arun.png,왓아룬_강변사원노을_따스함.png
G087,travel_G087_yi_peng_lantern_festival.png,이펭축제_풍등_낭만.png
G088,travel_G088_zhangjiajie.png,장가계_운해석봉_신비.png
G089,travel_G089_great_wall_at_mutianyu.png,만리장성무톈위_산능선성벽_웅장.png
G090,travel_G090_li_river_guilin.png,리강_안개뱃사공_서정.png
G091,travel_G091_the_bund.png,와이탄_스카이라인야경_화려.png
G092,travel_G092_victoria_harbour.png,빅토리아하버_항구야경_도회적.png
G093,travel_G093_jiufen_old_street.png,지우펀옛거리_붉은등불_레트로.png
G094,travel_G094_sydney_opera_house.png,시드니오페라하우스_항구노을_여유.png
G095,travel_G095_whitehaven_beach.png,화이트헤븐비치_흰모래물결_청량.png
G096,travel_G096_uluru.png,울루루_붉은바위_강렬.png
G097,travel_G097_milford_sound.png,밀퍼드사운드_피오르폭포_장엄.png
G098,travel_G098_lake_tekapo.png,테카포호수_은하수교회_몽환.png
G099,travel_G099_bora_bora.png,보라보라_수상방갈로산_휴양.png
G100,travel_G100_lake_bled.png,블레드호수_섬위교회_동화.png
K001,travel_K001_gyeongbokgung_palace.png,경복궁_단청전각_청명.png
K002,travel_K002_bukchon_hanok_village.png,북촌한옥마을_한옥골목_고즈넉.png
K003,travel_K003_n_seoul_tower.png,N서울타워_도심야경_낭만.png
K004,travel_K004_seokchon_lake_and_lotte_world_tower.png,석촌호수와롯데월드타워_벚꽃호수_화사.png
K005,travel_K005_huwon_changdeokgung.png,창덕궁후원_연못정자_고요.png
K006,travel_K006_dongdaemun_design_plaza.png,동대문디자인플라자_푸른곡선조명_미래적.png
K007,travel_K007_banpo_bridge_moonlight_rainbow_fountain.png,반포대교달빛무지개분수_무지개분수_활기.png
K008,travel_K008_haneul_park_silver_grass.png,하늘공원억새밭_황금억새석양_서정.png
K009,travel_K009_gamcheon_culture_village.png,감천문화마을_알록달록언덕집_경쾌.png
K010,travel_K010_gwangan_bridge.png,광안대교_푸른다리야경_낭만.png
K011,travel_K011_haedong_yonggungsa_temple.png,해동용궁사_바위해안사찰_경건.png
K012,travel_K012_huinnyeoul_culture_village.png,흰여울문화마을_하얀담골목_차분.png
K013,travel_K013_bulguksa_temple.png,불국사_낙엽돌계단_고즈넉.png
K014,travel_K014_donggung_palace_and_wolji_pond.png,동궁과월지_연못반영야경_우아.png
K015,travel_K015_cheomseongdae_and_pink_muhly.png,첨성대핑크뮬리_분홍물결노을_로맨틱.png
K016,travel_K016_hahoe_folk_village.png,하회마을_안개강변마을_고요.png
K017,travel_K017_seongsan_ilchulbong.png,성산일출봉_유채꽃언덕_화사.png
K018,travel_K018_baengnokdam_hallasan.png,한라산백록담_설경화구호_청명.png
K019,travel_K019_hyeopjae_beach.png,협재해수욕장_에메랄드해변_청량.png
K020,travel_K020_seopjikoji.png,섭지코지_등대유채꽃_상쾌.png
K021,travel_K021_saryeoni_forest_path.png,사려니숲길_빛내린숲길_평온.png
K022,travel_K022_udo_island.png,우도_투명한바다_휴양.png
K023,travel_K023_yongmeori_coast.png,용머리해안_층층암벽파도_거친.png
K024,travel_K024_gimnyeong_beach.png,김녕해수욕장_현무암풍차_상쾌.png
K025,travel_K025_ulsanbawi_seoraksan.png,설악산울산바위_운해기암_웅장.png
K026,travel_K026_jeongdongjin.png,정동진_해변철길_희망.png
K027,travel_K027_uisangdae_naksansa.png,낙산사의상대_소나무정자_경건.png
K028,travel_K028_nami_island.png,남이섬메타세쿼이아길_황금가로수_낭만.png
K029,travel_K029_jeonju_hanok_village.png,전주한옥마을_기와지붕_아늑.png
K030,travel_K030_juknokwon_bamboo_forest.png,죽녹원_대나무숲길_고요.png
K031,travel_K031_damyang_metasequoia_road.png,메타세쿼이아가로수길_주황빛나무터널_따스함.png
K032,travel_K032_boseong_green_tea_plantation.png,보성녹차밭_초록차밭_싱그러움.png
K033,travel_K033_suncheon_bay_wetland.png,순천만습지_황금갈대물길_서정.png
K034,travel_K034_dolsan_bridge_yeosu.png,여수돌산대교_푸른밤바다_낭만.png
K035,travel_K035_dongpirang_mural_village.png,동피랑벽화마을_항구벽화_경쾌.png
K036,travel_K036_windy_hill_geoje.png,거제바람의언덕_풍차언덕_평온.png
K037,travel_K037_darangi_village.png,남해다랭이마을_초록다랭이논_목가.png
K038,travel_K038_yeojwacheon_stream.png,진해여좌천_벚꽃돌다리_로맨틱.png
K039,travel_K039_kkotji_beach.png,꽃지해수욕장_바위섬노을_평온.png
K040,travel_K040_dodamsambong_peaks.png,도담삼봉_안개강봉우리_서정.png
K041,travel_K041_nogodan_jirisan.png,지리산노고단운해_운해봉우리_장엄.png
K042,travel_K042_naejangsan_autumn_foliage.png,내장산단풍_붉은단풍정자_강렬.png
K043,travel_K043_haengnam_coastal_walkway_ulleungdo.png,울릉도행남해안산책로_코발트해안절벽_청량.png
K044,travel_K044_songdo_central_park.png,송도센트럴파크_수변스카이라인_도회적.png
K045,travel_K045_hwaseong_fortress.png,수원화성_성곽길노을_고풍.png
K046,travel_K046_gungnamji_pond.png,부여궁남지_연꽃정자_고요.png
K047,travel_K047_hand_of_harmony_homigot.png,호미곶상생의손_일출조형물_희망.png
K048,travel_K048_gochang_green_barley_field.png,고창청보리밭_초록보리물결_싱그러움.png
K049,travel_K049_purple_island_sinan.png,신안퍼플섬_보라다리_몽환.png
K050,travel_K050_daegwallyeong_sheep_farm.png,대관령양떼목장_양떼초원_평화.png
